﻿Variable1;Valor1;PERIODO;VALOR
Nombre;ODS - 1.5.4, 11.b.2 y 13.1.3 Proporción de gobiernos locales que adoptan y aplican estrategias locales de reducción del riesgo de desastres en consonancia con las estrategias nacionales de reducción del riesgo de desastres;2021;68
Nombre;ODS - 1.5.4, 11.b.2 y 13.1.3 Proporción de gobiernos locales que adoptan y aplican estrategias locales de reducción del riesgo de desastres en consonancia con las estrategias nacionales de reducción del riesgo de desastres;2020;42
Nombre;ODS - 1.5.4, 11.b.2 y 13.1.3 Proporción de gobiernos locales que adoptan y aplican estrategias locales de reducción del riesgo de desastres en consonancia con las estrategias nacionales de reducción del riesgo de desastres;2019;40
Nombre;ODS - 1.5.4, 11.b.2 y 13.1.3 Proporción de gobiernos locales que adoptan y aplican estrategias locales de reducción del riesgo de desastres en consonancia con las estrategias nacionales de reducción del riesgo de desastres;2018;37
Nombre;ODS - 1.5.4, 11.b.2 y 13.1.3 Proporción de gobiernos locales que adoptan y aplican estrategias locales de reducción del riesgo de desastres en consonancia con las estrategias nacionales de reducción del riesgo de desastres;2017;32
Nombre;ODS - 1.5.4, 11.b.2 y 13.1.3 Proporción de gobiernos locales que adoptan y aplican estrategias locales de reducción del riesgo de desastres en consonancia con las estrategias nacionales de reducción del riesgo de desastres;2016;30
Nombre;ODS - 1.5.4, 11.b.2 y 13.1.3 Proporción de gobiernos locales que adoptan y aplican estrategias locales de reducción del riesgo de desastres en consonancia con las estrategias nacionales de reducción del riesgo de desastres;2015;28
